coddoc,Adq_Ahorro_Status
CODDOC0005,N
CODDOC0007,N
CODDOC0008,N
CODDOC0012,N
CODDOC0013,N
CODDOC0014,N
CODDOC0016,N
CODDOC0017,Y
CODDOC0018,N
CODDOC0020,N
CODDOC0023,N
CODDOC0024,N
CODDOC0026,N
CODDOC0027,N
CODDOC0028,N
CODDOC0029,N
CODDOC0032,N
CODDOC0035,Y
CODDOC0038,N
CODDOC0039,N
CODDOC0040,N
CODDOC0042,N
CODDOC0043,N
CODDOC0051,N
CODDOC0052,N
CODDOC0057,N
CODDOC0058,N
CODDOC0061,N
CODDOC0062,N
CODDOC0063,N
CODDOC0064,N
CODDOC0065,N
CODDOC0067,N
CODDOC0069,N
CODDOC0072,N
CODDOC0073,N
CODDOC0076,N
CODDOC0078,N
CODDOC0080,N
CODDOC0084,Y
CODDOC0085,N
CODDOC0086,N
CODDOC0088,N
CODDOC0091,N
CODDOC0097,N
CODDOC0098,Y
CODDOC0105,N
CODDOC0109,Y
CODDOC0111,N
CODDOC0112,N
CODDOC0113,N
CODDOC0114,N
CODDOC0118,N
CODDOC0120,Y
CODDOC0123,N
CODDOC0126,N
CODDOC0128,N
CODDOC0129,N
CODDOC0130,N
CODDOC0131,N
CODDOC0133,N
CODDOC0135,N
CODDOC0137,N
CODDOC0140,N
CODDOC0143,N
CODDOC0145,N
CODDOC0146,N
CODDOC0147,N
CODDOC0150,N
CODDOC0152,N
CODDOC0153,Y
CODDOC0154,N
CODDOC0155,N
CODDOC0156,N
CODDOC0157,Y
CODDOC0160,N
CODDOC0162,N
CODDOC0163,N
CODDOC0164,N
CODDOC0169,N
CODDOC0172,N
CODDOC0176,N
CODDOC0177,N
CODDOC0179,N
CODDOC0183,N
CODDOC0187,Y
CODDOC0189,N
CODDOC0191,N
CODDOC0192,N
CODDOC0194,N
CODDOC0195,N
CODDOC0196,N
CODDOC0198,N
CODDOC0199,N
CODDOC0200,N
CODDOC0202,N
CODDOC0203,Y
CODDOC0204,Y
CODDOC0206,N
CODDOC0208,N
CODDOC0209,N
CODDOC0210,N
CODDOC0214,N
CODDOC0215,N
CODDOC0216,N
CODDOC0217,N
CODDOC0218,N
CODDOC0221,N
CODDOC0223,N
CODDOC0224,N
CODDOC0226,N
CODDOC0227,N
CODDOC0228,N
CODDOC0229,N
CODDOC0234,Y
CODDOC0236,N
CODDOC0238,N
CODDOC0241,N
CODDOC0242,Y
CODDOC0244,Y
CODDOC0250,N
CODDOC0251,N
CODDOC0252,N
CODDOC0254,N
CODDOC0255,N
CODDOC0262,N
CODDOC0266,N
CODDOC0267,N
CODDOC0269,N
CODDOC0274,N
CODDOC0278,N
CODDOC0279,N
CODDOC0280,N
CODDOC0281,N
CODDOC0283,N
CODDOC0285,N
CODDOC0286,N
CODDOC0287,N
CODDOC0289,N
CODDOC0294,N
CODDOC0295,N
CODDOC0299,N
CODDOC0300,N
CODDOC0301,Y
CODDOC0304,N
CODDOC0305,N
CODDOC0306,Y
CODDOC0307,N
CODDOC0309,N
CODDOC0310,N
CODDOC0313,Y
CODDOC0314,N
CODDOC0317,N
CODDOC0318,N
CODDOC0319,Y
CODDOC0320,N
CODDOC0322,N
CODDOC0325,N
CODDOC0326,Y
CODDOC0327,N
CODDOC0328,Y
CODDOC0334,N
CODDOC0335,N
CODDOC0337,N
CODDOC0339,N
CODDOC0342,Y
CODDOC0345,N
CODDOC0347,N
CODDOC0351,N
CODDOC0352,N
CODDOC0354,Y
CODDOC0355,N
CODDOC0356,N
CODDOC0357,N
CODDOC0359,N
CODDOC0361,N
CODDOC0362,N
CODDOC0363,N
CODDOC0366,N
CODDOC0367,N
CODDOC0370,Y
CODDOC0371,N
CODDOC0372,N
CODDOC0375,N
CODDOC0382,N
CODDOC0384,Y
CODDOC0388,N
CODDOC0389,N
CODDOC0390,N
CODDOC0391,N
CODDOC0392,N
CODDOC0394,N
CODDOC0395,N
CODDOC0398,N
CODDOC0399,N
CODDOC0401,N
CODDOC0402,N
CODDOC0403,N
CODDOC0405,N
CODDOC0407,N
CODDOC0409,N
CODDOC0411,N
CODDOC0413,N
CODDOC0414,N
CODDOC0415,N
CODDOC0418,N
CODDOC0419,N
CODDOC0420,N
CODDOC0421,N
CODDOC0423,N
CODDOC0424,N
CODDOC0427,N
CODDOC0429,N
CODDOC0430,N
CODDOC0432,N
CODDOC0433,N
CODDOC0434,N
CODDOC0435,N
CODDOC0436,N
CODDOC0437,N
CODDOC0438,N
CODDOC0441,N
CODDOC0446,N
CODDOC0447,N
CODDOC0448,N
CODDOC0451,N
CODDOC0452,N
CODDOC0459,N
CODDOC0460,N
CODDOC0461,N
CODDOC0462,N
CODDOC0465,N
CODDOC0466,Y
CODDOC0473,N
CODDOC0474,Y
CODDOC0478,Y
CODDOC0480,N
CODDOC0481,N
CODDOC0483,N
CODDOC0484,N
CODDOC0485,N
CODDOC0486,N
CODDOC0487,N
CODDOC0491,N
CODDOC0494,N
CODDOC0493,Y
CODDOC0495,N
CODDOC0496,N
CODDOC0497,N
CODDOC0499,N
CODDOC0507,N
CODDOC0508,N
CODDOC0509,N
CODDOC0512,N
CODDOC0514,N
CODDOC0515,N
CODDOC0516,N
CODDOC0518,N
CODDOC0519,N
CODDOC0520,Y
CODDOC0522,N
CODDOC0524,N
CODDOC0525,N
CODDOC0526,N
CODDOC0528,N
CODDOC0529,N
CODDOC0530,N
CODDOC0531,N
CODDOC0533,N
CODDOC0534,N
CODDOC0535,N
CODDOC0536,N
CODDOC0537,N
CODDOC0540,N
CODDOC0541,Y
CODDOC0542,Y
CODDOC0543,N
CODDOC0547,N
CODDOC0548,N
CODDOC0549,N
CODDOC0551,N
CODDOC0552,N
CODDOC0555,N
CODDOC0556,Y
CODDOC0557,N
CODDOC0559,Y
CODDOC0561,N
CODDOC0562,N
CODDOC0563,N
CODDOC0564,N
CODDOC0566,N
CODDOC0570,N
CODDOC0572,N
CODDOC0574,N
CODDOC0576,N
CODDOC0578,N
CODDOC0581,N
CODDOC0582,N
CODDOC0587,N
CODDOC0589,N
CODDOC0592,N
CODDOC0595,N
CODDOC0596,N
CODDOC0597,N
CODDOC0598,N
CODDOC0607,N
CODDOC0609,N
CODDOC0611,N
CODDOC0613,N
CODDOC0615,N
CODDOC0616,N
CODDOC0619,N
CODDOC0620,Y
CODDOC0621,N
CODDOC0625,N
CODDOC0627,N
CODDOC0630,Y
CODDOC0631,Y
CODDOC0634,Y
CODDOC0635,N
CODDOC0636,N
CODDOC0639,N
CODDOC0640,N
CODDOC0646,N
CODDOC0647,N
CODDOC0650,N
CODDOC0652,N
CODDOC0653,N
CODDOC0654,N
CODDOC0655,N
CODDOC0657,N
CODDOC0659,N
CODDOC0660,N
CODDOC0662,Y
CODDOC0666,Y
CODDOC0667,N
CODDOC0670,N
CODDOC0671,N
CODDOC0674,N
CODDOC0676,N
CODDOC0678,N
CODDOC0679,N
CODDOC0680,N
CODDOC0683,N
CODDOC0684,N
CODDOC0688,N
CODDOC0689,N
CODDOC0690,N
CODDOC0691,N
CODDOC0692,N
CODDOC0695,N
CODDOC0696,N
CODDOC0697,N
CODDOC0702,N
CODDOC0705,Y
CODDOC0706,Y
CODDOC0707,N
CODDOC0708,N
CODDOC0709,N
CODDOC0710,N
CODDOC0712,N
CODDOC0713,N
CODDOC0715,N
CODDOC0716,N
CODDOC0720,N
CODDOC0723,N
CODDOC0725,Y
CODDOC0728,N
CODDOC0729,N
CODDOC0731,N
CODDOC0732,N
CODDOC0735,N
CODDOC0736,N
CODDOC0738,N
CODDOC0739,N
CODDOC0740,N
CODDOC0743,N
CODDOC0744,N
CODDOC0745,N
CODDOC0746,N
CODDOC0747,N
CODDOC0748,N
CODDOC0749,N
CODDOC0750,N
CODDOC0751,N
CODDOC0754,N
CODDOC0757,N
CODDOC0758,N
CODDOC0761,N
CODDOC0762,N
CODDOC0763,N
CODDOC0764,N
CODDOC0768,N
CODDOC0772,N
CODDOC0781,N
CODDOC0787,N
CODDOC0788,N
CODDOC0789,N
CODDOC0790,N
CODDOC0791,N
CODDOC0792,N
CODDOC0793,N
CODDOC0794,N
CODDOC0796,N
CODDOC0797,N
CODDOC0800,N
CODDOC0801,Y
CODDOC0802,N
CODDOC0805,Y
CODDOC0806,N
CODDOC0809,N
CODDOC0814,N
CODDOC0815,N
CODDOC0817,N
CODDOC0818,N
CODDOC0819,N
CODDOC0820,N
CODDOC0823,N
CODDOC0825,N
CODDOC0826,N
CODDOC0827,N
CODDOC0828,N
CODDOC0829,N
CODDOC0830,N
CODDOC0833,N
CODDOC0839,N
CODDOC0841,Y
CODDOC0844,N
CODDOC0845,N
CODDOC0846,Y
CODDOC0847,N
CODDOC0848,N
CODDOC0850,Y
CODDOC0855,N
CODDOC0856,N
CODDOC0857,Y
CODDOC0858,N
CODDOC0859,Y
CODDOC0860,N
CODDOC0862,N
CODDOC0865,N
CODDOC0867,N
CODDOC0871,N
CODDOC0873,N
CODDOC0875,N
CODDOC0876,Y
CODDOC0880,N
CODDOC0881,N
CODDOC0882,N
CODDOC0883,N
CODDOC0884,N
CODDOC0886,N
CODDOC0889,N
CODDOC0891,N
CODDOC0892,N
CODDOC0896,N
CODDOC0901,N
CODDOC0902,N
CODDOC0903,N
CODDOC0904,N
CODDOC0907,N
CODDOC0908,N
CODDOC0909,N
CODDOC0910,N
CODDOC0911,N
CODDOC0912,N
CODDOC0914,N
CODDOC0915,N
CODDOC0918,N
CODDOC0919,N
CODDOC0921,N
CODDOC0923,N
CODDOC0924,N
CODDOC0929,N
CODDOC0931,N
CODDOC0934,N
CODDOC0935,N
CODDOC0938,N
CODDOC0939,N
CODDOC0940,N
CODDOC0944,N
CODDOC0948,N
CODDOC0952,N
CODDOC0954,N
CODDOC0955,N
CODDOC0961,N
CODDOC0962,N
CODDOC0963,N
CODDOC0964,N
CODDOC0974,N
CODDOC0975,N
CODDOC0976,N
CODDOC0980,N
CODDOC0981,N
CODDOC0982,N
CODDOC0985,Y
CODDOC0988,N
CODDOC0989,N
CODDOC0990,N
CODDOC0997,N
CODDOC0998,N
CODDOC1000,N
CODDOC1001,N
CODDOC1002,N
CODDOC1003,N
CODDOC1005,N
CODDOC1006,N
CODDOC1008,N
CODDOC1009,N
CODDOC1010,N
CODDOC1012,N
CODDOC1014,N
CODDOC1017,N
CODDOC1018,N
CODDOC1020,N
CODDOC1021,N
CODDOC1022,N
CODDOC1023,N
CODDOC1024,N
CODDOC1025,N
CODDOC1027,N
CODDOC1030,N
CODDOC1031,N
CODDOC1032,N
CODDOC1035,N
CODDOC1036,N
CODDOC1037,N
CODDOC1039,N
CODDOC1043,N
CODDOC1044,N
CODDOC1045,N
CODDOC1047,N
CODDOC1048,N
CODDOC1049,N
CODDOC1052,N
CODDOC1054,N
CODDOC1055,N
CODDOC1057,N
CODDOC1058,N
CODDOC1059,N
CODDOC1061,N
CODDOC1062,N
CODDOC1063,N
CODDOC1065,N
CODDOC1068,N
CODDOC1069,N
CODDOC1071,N
CODDOC1072,N
CODDOC1075,N
CODDOC1076,N
CODDOC1082,N
CODDOC1085,N
CODDOC1087,N
CODDOC1089,N
CODDOC1090,N
CODDOC1093,N
CODDOC1095,N
CODDOC1097,N
CODDOC1098,Y
CODDOC1101,Y
CODDOC1103,N
CODDOC1105,N
CODDOC1110,N
CODDOC1111,N
CODDOC1112,Y
CODDOC1114,Y
CODDOC1115,Y
CODDOC1119,N
CODDOC1123,N
CODDOC1124,N
CODDOC1125,Y
CODDOC1126,N
CODDOC1128,N
CODDOC1129,N
CODDOC1130,N
CODDOC1131,N
CODDOC1134,N
CODDOC1140,N
CODDOC1142,N
CODDOC1144,N
CODDOC1147,N
CODDOC1151,N
CODDOC1152,N
CODDOC1154,N
CODDOC1156,N
CODDOC1161,N
CODDOC1162,N
CODDOC1163,N
CODDOC1165,N
CODDOC1166,N
CODDOC1168,N
CODDOC1171,N
CODDOC1172,N
CODDOC1173,N
CODDOC1175,N
CODDOC1179,N
CODDOC1180,N
CODDOC1182,Y
CODDOC1184,N
CODDOC1187,Y
CODDOC1192,N
CODDOC1194,N
CODDOC1196,N
CODDOC1198,N
CODDOC1201,N
CODDOC1207,Y
CODDOC1208,N
CODDOC1209,N
CODDOC1210,N
CODDOC1213,N
CODDOC1215,N
CODDOC1218,N
CODDOC1220,N
CODDOC1221,N
CODDOC1222,N
CODDOC1223,N
CODDOC1225,N
CODDOC1226,N
CODDOC1227,N
CODDOC1228,N
CODDOC1229,N
CODDOC1231,N
CODDOC1233,N
CODDOC1237,N
CODDOC1240,N
CODDOC1241,N
CODDOC1242,N
CODDOC1243,N
CODDOC1244,N
CODDOC1245,N
CODDOC1246,N
CODDOC1247,N
CODDOC1248,N
CODDOC1253,N
CODDOC1254,N
CODDOC1257,N
CODDOC1258,N
CODDOC1259,N
CODDOC1260,N
CODDOC1262,N
CODDOC1264,N
CODDOC1265,N
CODDOC1266,N
CODDOC1268,N
CODDOC1271,N
CODDOC1279,Y
CODDOC1282,N
CODDOC1283,N
CODDOC1284,N
CODDOC1287,N
CODDOC1288,N
CODDOC1291,N
CODDOC1292,N
CODDOC1293,N
CODDOC1295,N
CODDOC1299,N
CODDOC1301,N
CODDOC1303,Y
CODDOC1305,N
CODDOC1306,N
CODDOC1309,N
CODDOC1310,N
CODDOC1314,N
CODDOC1316,Y
CODDOC1321,Y
CODDOC1325,N
CODDOC1326,N
CODDOC1327,N
CODDOC1328,N
CODDOC1329,N
CODDOC1331,N
CODDOC1332,N
CODDOC1333,N
CODDOC1335,Y
CODDOC1343,Y
CODDOC1347,N
CODDOC1349,N
CODDOC1353,N
CODDOC1355,N
CODDOC1356,Y
CODDOC1359,N
CODDOC1360,N
CODDOC1361,N
CODDOC1366,N
CODDOC1367,N
CODDOC1369,N
CODDOC1370,N
CODDOC1378,N
CODDOC1380,N
CODDOC1382,N
CODDOC1387,N
CODDOC1389,N
CODDOC1390,N
CODDOC1391,Y
CODDOC1392,N
CODDOC1395,N
CODDOC1396,N
CODDOC1397,N
CODDOC1400,N
CODDOC1401,Y
CODDOC1403,N
CODDOC1404,Y
CODDOC1406,N
CODDOC1407,N
CODDOC1408,N
CODDOC1409,N
CODDOC1411,N
CODDOC1413,Y
CODDOC1415,N
CODDOC1417,N
CODDOC1418,N
CODDOC1425,N
CODDOC1426,Y
CODDOC1428,N
CODDOC1429,N
CODDOC1432,Y
CODDOC1434,N
CODDOC1436,N
CODDOC1439,N
CODDOC1443,N
CODDOC1446,N
CODDOC1450,N
CODDOC1453,N
CODDOC1454,N
CODDOC1461,N
CODDOC1465,N
CODDOC1466,N
CODDOC1467,N
CODDOC1468,N
CODDOC1470,N
CODDOC1472,N
CODDOC1476,N
CODDOC1477,N
CODDOC1478,N
CODDOC1479,N
CODDOC1480,N
CODDOC1482,N
CODDOC1484,N
CODDOC1487,N
CODDOC1490,N
CODDOC1493,N
CODDOC1495,N
CODDOC1496,N
CODDOC1502,Y
CODDOC1503,N
CODDOC1504,N
CODDOC1505,N
CODDOC1507,N
CODDOC1508,N
CODDOC1509,N
CODDOC1510,N
CODDOC1511,N
CODDOC1513,N
CODDOC1514,N
CODDOC1515,N
CODDOC1519,N
CODDOC1520,N
CODDOC1521,N
CODDOC1522,N
CODDOC1524,N
CODDOC1525,N
CODDOC1526,N
CODDOC1527,N
CODDOC1531,N
CODDOC1534,Y
CODDOC1535,N
CODDOC1538,N
CODDOC1540,N
CODDOC1543,N
CODDOC1544,N
CODDOC1545,N
CODDOC1547,N
CODDOC1548,N
CODDOC1551,N
CODDOC1552,N
CODDOC1553,N
CODDOC1554,Y
CODDOC1555,N
CODDOC1557,N
CODDOC1558,Y
CODDOC1559,N
CODDOC1562,N
CODDOC1570,N
CODDOC1571,N
CODDOC1572,Y
CODDOC1574,N
CODDOC1575,N
CODDOC1578,N
CODDOC1581,N
CODDOC1582,N
CODDOC1584,N
CODDOC1585,N
CODDOC1588,N
CODDOC1590,N
CODDOC1591,Y
CODDOC1592,N
CODDOC1593,Y
CODDOC1596,N
CODDOC1597,N
CODDOC1598,N
CODDOC1599,N
CODDOC1601,Y
CODDOC1603,N
CODDOC1604,N
CODDOC1605,N
CODDOC1606,N
CODDOC1608,N
CODDOC1609,N
CODDOC1612,N
CODDOC1614,N
CODDOC1616,N
CODDOC1620,N
CODDOC1622,N
CODDOC1623,N
CODDOC1626,N
CODDOC1631,N
CODDOC1632,N
CODDOC1633,N
CODDOC1636,N
CODDOC1637,Y
CODDOC1640,N
CODDOC1641,N
CODDOC1642,Y
CODDOC1648,N
CODDOC1650,N
CODDOC1653,N
CODDOC1657,N
CODDOC1661,N
CODDOC1663,N
CODDOC1665,Y
CODDOC1667,N
CODDOC1669,N
CODDOC1671,N
CODDOC1673,N
CODDOC1674,N
CODDOC1675,N
CODDOC1676,N
CODDOC1678,N
CODDOC1680,N
CODDOC1681,N
CODDOC1683,N
CODDOC1684,N
CODDOC1686,N
CODDOC1687,N
CODDOC1688,N
CODDOC1689,N
CODDOC1691,N
CODDOC1694,N
CODDOC1695,N
CODDOC1698,N
CODDOC1699,N
CODDOC1700,N
CODDOC1701,N
CODDOC1702,N
CODDOC1703,N
CODDOC1704,N
CODDOC1709,N
CODDOC1710,N
CODDOC1711,N
CODDOC1714,N
CODDOC1715,N
CODDOC1716,N
CODDOC1717,N
CODDOC1718,N
CODDOC1719,N
CODDOC1720,Y
CODDOC1723,Y
CODDOC1724,N
CODDOC1725,N
CODDOC1727,N
CODDOC1730,Y
CODDOC1732,N
CODDOC1734,N
CODDOC1735,N
CODDOC1736,N
CODDOC1739,Y
CODDOC1740,N
CODDOC1741,N
CODDOC1742,N
CODDOC1743,N
CODDOC1744,N
CODDOC1746,N
CODDOC1749,Y
CODDOC1752,N
CODDOC1753,N
CODDOC1756,N
CODDOC1758,N
CODDOC1760,N
CODDOC1761,Y
CODDOC1763,Y
CODDOC1764,N
CODDOC1765,N
CODDOC1767,N
CODDOC1768,N
CODDOC1769,N
CODDOC1772,N
CODDOC1773,N
CODDOC1774,N
CODDOC1775,N
CODDOC1779,N
CODDOC1784,N
CODDOC1786,N
CODDOC1787,N
CODDOC1789,N
CODDOC1790,N
CODDOC1793,N
CODDOC1795,N
CODDOC1798,N
CODDOC1800,N
CODDOC1801,N
CODDOC1803,N
CODDOC1808,N
CODDOC1814,N
CODDOC1815,N
CODDOC1816,N
CODDOC1817,N
CODDOC1820,N
CODDOC1822,N
CODDOC1824,N
CODDOC1825,N
CODDOC1826,N
CODDOC1827,N
CODDOC1832,N
CODDOC1833,N
CODDOC1834,N
CODDOC1835,N
CODDOC1836,N
CODDOC1837,N
CODDOC1838,N
CODDOC1840,N
CODDOC1842,N
CODDOC1843,N
CODDOC1844,N
CODDOC1846,N
CODDOC1847,Y
CODDOC1848,N
CODDOC1852,N
CODDOC1853,N
CODDOC1855,N
CODDOC1857,N
CODDOC1858,N
CODDOC1859,N
CODDOC1860,N
CODDOC1864,N
CODDOC1865,N
CODDOC1869,N
CODDOC1872,N
CODDOC1873,N
CODDOC1875,N
CODDOC1880,N
CODDOC1883,N
CODDOC1884,Y
CODDOC1885,N
CODDOC1886,N
CODDOC1889,N
CODDOC1892,N
CODDOC1893,N
CODDOC1900,N
CODDOC1901,Y
CODDOC1908,N
CODDOC1909,N
CODDOC1914,N
CODDOC1916,Y
CODDOC1917,N
CODDOC1919,N
CODDOC1920,N
CODDOC1921,N
CODDOC1922,N
CODDOC1925,N
CODDOC1927,N
CODDOC1930,N
CODDOC1932,N
CODDOC1933,N
CODDOC1937,N
CODDOC1938,N
CODDOC1939,N
CODDOC1940,N
CODDOC1941,Y
CODDOC1944,N
CODDOC1947,N
CODDOC1949,N
CODDOC1951,N
CODDOC1953,N
CODDOC1955,N
CODDOC1956,N
CODDOC1958,N
CODDOC1960,Y
CODDOC1961,N
CODDOC1964,N
CODDOC1965,N
CODDOC1966,N
CODDOC1967,N
CODDOC1969,N
CODDOC1970,N
CODDOC1971,N
CODDOC1972,N
CODDOC1973,N
CODDOC1975,Y
CODDOC1976,N
CODDOC1978,N
CODDOC1979,N
CODDOC1980,N
CODDOC1981,N
CODDOC1982,N
CODDOC1983,N
CODDOC1984,N
CODDOC1987,N
CODDOC1990,N
CODDOC1992,N
CODDOC1994,N
CODDOC1995,N
CODDOC1996,N
CODDOC1997,N
CODDOC1999,N
CODDOC2005,N
CODDOC2006,N
CODDOC2007,N
CODDOC2009,N
CODDOC2012,N
CODDOC2013,N
CODDOC2015,N
CODDOC2017,N
CODDOC2018,N
CODDOC2019,N
CODDOC2023,N
CODDOC2024,N
CODDOC2025,N
CODDOC2026,Y
CODDOC2028,N
CODDOC2029,N
CODDOC2031,N
CODDOC2033,Y
CODDOC2034,N
CODDOC2035,N
CODDOC2036,N
CODDOC2040,N
CODDOC2043,N
CODDOC2044,N
CODDOC2047,N
CODDOC2048,N
CODDOC2051,N
CODDOC2052,N
CODDOC2054,N
CODDOC2055,N
CODDOC2058,N
CODDOC2060,N
CODDOC2065,N
CODDOC2068,N
CODDOC2071,N
CODDOC2074,N
CODDOC2077,N
CODDOC2078,N
CODDOC2079,N
CODDOC2080,N
CODDOC2081,N
CODDOC2082,N
CODDOC2084,N
CODDOC2085,N
CODDOC2087,N
CODDOC2089,N
CODDOC2090,N
CODDOC2092,N
CODDOC2093,N
CODDOC2100,N
CODDOC2103,N
CODDOC2104,N
CODDOC2105,N
CODDOC2106,N
CODDOC2107,N
CODDOC2109,N
CODDOC2114,N
CODDOC2115,N
CODDOC2116,N
CODDOC2119,N
CODDOC2120,N
CODDOC2121,Y
CODDOC2122,N
CODDOC2131,N
CODDOC2133,Y
CODDOC2134,N
CODDOC2135,N
CODDOC2138,N
CODDOC2139,N
CODDOC2142,N
CODDOC2143,N
CODDOC2146,N
CODDOC2147,N
CODDOC2157,N
CODDOC2158,N
CODDOC2159,N
CODDOC2163,N
CODDOC2168,Y
CODDOC2170,N
CODDOC2174,Y
CODDOC2176,N
CODDOC2178,N
CODDOC2180,N
CODDOC2181,N
CODDOC2182,N
CODDOC2186,N
CODDOC2188,N
CODDOC2189,N
CODDOC2190,N
CODDOC2197,N
CODDOC2199,N
CODDOC2202,Y
CODDOC2203,N
CODDOC2204,Y
CODDOC2205,N
CODDOC2206,N
CODDOC2208,N
CODDOC2210,N
CODDOC2212,N
CODDOC2213,N
CODDOC2214,Y
CODDOC2219,N
CODDOC2221,Y
CODDOC2224,N
CODDOC2226,N
CODDOC2227,N
CODDOC2229,Y
CODDOC2230,N
CODDOC2233,N
CODDOC2235,N
CODDOC2237,N
CODDOC2239,N
CODDOC2244,N
CODDOC2245,N
CODDOC2247,N
CODDOC2248,N
CODDOC2249,N
CODDOC2250,N
CODDOC2252,N
CODDOC2254,N
CODDOC2256,N
CODDOC2257,N
CODDOC2258,N
CODDOC2259,Y
CODDOC2264,N
CODDOC2265,N
CODDOC2266,N
CODDOC2267,N
CODDOC2269,N
CODDOC2270,N
CODDOC2272,N
CODDOC2276,N
CODDOC2279,N
CODDOC2280,N
CODDOC2281,N
CODDOC2282,N
CODDOC2284,Y
CODDOC2285,N
CODDOC2286,N
CODDOC2287,N
CODDOC2288,N
CODDOC2290,N
CODDOC2291,N
CODDOC2292,N
CODDOC2297,N
CODDOC2298,N
CODDOC2300,N
CODDOC2301,N
CODDOC2302,N
CODDOC2303,N
CODDOC2304,N
CODDOC2305,N
CODDOC2309,N
CODDOC2312,N
CODDOC2316,N
CODDOC2318,N
CODDOC2320,N
CODDOC2321,N
CODDOC2322,N
CODDOC2323,N
CODDOC2324,N
CODDOC2325,N
CODDOC2326,N
CODDOC2329,N
CODDOC2330,N
CODDOC2333,N
CODDOC2335,N
CODDOC2341,Y
CODDOC2345,N
CODDOC2346,N
CODDOC2347,N
CODDOC2349,N
CODDOC2350,N
CODDOC2352,N
CODDOC2353,N
CODDOC2356,N
CODDOC2357,N
CODDOC2358,Y
CODDOC2359,N
CODDOC2361,N
CODDOC2370,N
CODDOC2373,Y
CODDOC2374,N
CODDOC2375,N
CODDOC2376,N
CODDOC2377,N
CODDOC2378,N
CODDOC2379,N
CODDOC2381,N
CODDOC2382,Y
CODDOC2383,N
CODDOC2384,N
CODDOC2386,N
CODDOC2389,N
CODDOC2391,N
CODDOC2392,N
CODDOC2394,N
CODDOC2398,N
CODDOC2399,N
CODDOC2402,N
CODDOC2404,N
CODDOC2405,N
CODDOC2407,Y
CODDOC2411,N
CODDOC2413,N
CODDOC2414,N
CODDOC2415,N
CODDOC2421,Y
CODDOC2424,N
CODDOC2425,N
CODDOC2429,N
CODDOC2430,N
CODDOC2433,N
CODDOC2434,Y
CODDOC2436,N
CODDOC2437,Y
CODDOC2443,N
CODDOC2446,N
CODDOC2447,N
CODDOC2449,N
CODDOC2451,N
CODDOC2454,N
CODDOC2455,N
CODDOC2456,N
CODDOC2458,N
CODDOC2459,N
CODDOC2460,N
CODDOC2462,N
CODDOC2463,N
CODDOC2465,Y
CODDOC2468,N
CODDOC2470,N
CODDOC2471,N
CODDOC2472,Y
CODDOC2478,N
CODDOC2479,N
CODDOC2480,N
CODDOC2483,Y
CODDOC2485,N
CODDOC2487,N
CODDOC2491,N
CODDOC2492,Y
CODDOC2493,N
CODDOC2496,N
CODDOC2497,N
CODDOC2501,N
CODDOC2502,N
CODDOC2506,N
CODDOC2507,N
CODDOC2512,N
CODDOC2513,N
CODDOC2516,N
CODDOC2520,N
CODDOC2521,N
CODDOC2522,N
CODDOC2523,N
CODDOC2526,N
CODDOC2527,N
CODDOC2528,N
CODDOC2532,N
CODDOC2535,N
CODDOC2537,N
CODDOC2538,N
CODDOC2541,Y
CODDOC2543,N
CODDOC2544,N
CODDOC2546,N
CODDOC2547,N
CODDOC2552,N
CODDOC2557,N
CODDOC2558,N
CODDOC2562,N
CODDOC2563,N
CODDOC2564,N
CODDOC2565,N
CODDOC2566,N
CODDOC2568,N
CODDOC2569,N
CODDOC2571,N
CODDOC2572,N
CODDOC2574,N
CODDOC2576,N
CODDOC2577,N
CODDOC2578,N
CODDOC2579,N
CODDOC2582,N
CODDOC2583,N
CODDOC2585,N
CODDOC2588,N
CODDOC2591,N
CODDOC2595,N
CODDOC2596,N
CODDOC2598,N
CODDOC2599,N
CODDOC2601,N
CODDOC2602,N
CODDOC2604,N
CODDOC2607,N
CODDOC2608,N
CODDOC2611,N
CODDOC2613,N
CODDOC2614,Y
CODDOC2615,N
CODDOC2622,N
CODDOC2624,N
CODDOC2627,N
CODDOC2628,N
CODDOC2630,Y
CODDOC2633,N
CODDOC2636,N
CODDOC2637,N
CODDOC2638,N
CODDOC2640,N
CODDOC2641,N
CODDOC2642,Y
CODDOC2643,N
CODDOC2644,N
CODDOC2645,N
CODDOC2646,Y
CODDOC2647,N
CODDOC2649,N
CODDOC2650,N
CODDOC2651,N
CODDOC2652,Y
CODDOC2653,N
CODDOC2655,N
CODDOC2657,N
CODDOC2658,Y
CODDOC2661,N
CODDOC2663,N
CODDOC2665,N
CODDOC2667,N
CODDOC2670,N
CODDOC2678,N
CODDOC2680,N
CODDOC2681,N
CODDOC2682,N
CODDOC2685,N
CODDOC2687,N
CODDOC2691,N
CODDOC2692,N
CODDOC2693,Y
CODDOC2694,N
CODDOC2695,N
CODDOC2696,N
CODDOC2698,Y
CODDOC2699,N
CODDOC2700,N
CODDOC2701,N
CODDOC2702,N
CODDOC2708,N
CODDOC2709,N
CODDOC2711,N
CODDOC2712,Y
CODDOC2713,N
CODDOC2716,N
CODDOC2718,N
CODDOC2723,N
CODDOC2724,N
CODDOC2726,N
CODDOC2727,N
CODDOC2731,N
CODDOC2733,N
CODDOC2734,N
CODDOC2736,N
CODDOC2737,N
CODDOC2738,N
CODDOC2740,N
CODDOC2741,N
CODDOC2743,N
CODDOC2746,N
CODDOC2749,Y
CODDOC2753,N
CODDOC2754,N
CODDOC2755,N
CODDOC2756,N
CODDOC2760,N
CODDOC2762,N
CODDOC2765,N
CODDOC2766,N
CODDOC2770,N
CODDOC2778,N
CODDOC2779,N
CODDOC2780,N
CODDOC2781,Y
CODDOC2785,N
CODDOC2786,N
CODDOC2787,N
CODDOC2790,N
CODDOC2793,N
CODDOC2795,N
CODDOC2796,N
CODDOC2797,N
CODDOC2801,N
CODDOC2802,N
CODDOC2803,N
CODDOC2804,N
CODDOC2806,N
CODDOC2807,N
CODDOC2808,N
CODDOC2810,N
CODDOC2812,N
CODDOC2815,N
CODDOC2816,N
CODDOC2817,N
CODDOC2819,N
CODDOC2820,N
CODDOC2825,N
CODDOC2826,N
CODDOC2827,N
CODDOC2828,N
CODDOC2831,N
CODDOC2832,N
CODDOC2833,N
CODDOC2834,N
CODDOC2835,N
CODDOC2836,N
CODDOC2838,N
CODDOC2839,N
CODDOC2841,N
CODDOC2846,N
CODDOC2848,Y
CODDOC2850,N
CODDOC2851,N
CODDOC2853,N
CODDOC2855,N
CODDOC2859,N
CODDOC2860,N
CODDOC2862,N
CODDOC2863,N
CODDOC2865,N
CODDOC2872,N
CODDOC2873,N
CODDOC2874,N
CODDOC2875,N
CODDOC2876,N
CODDOC2877,N
CODDOC2878,N
CODDOC2880,Y
CODDOC2885,N
CODDOC2887,N
CODDOC2888,Y
CODDOC2889,N
CODDOC2890,N
CODDOC2891,N
CODDOC2893,N
CODDOC2894,N
CODDOC2896,N
CODDOC2897,N
CODDOC2901,N
CODDOC2903,N
CODDOC2904,Y
CODDOC2908,N
CODDOC2909,N
CODDOC2910,N
CODDOC2912,N
CODDOC2913,N
CODDOC2914,N
CODDOC2915,N
CODDOC2916,N
CODDOC2917,N
CODDOC2918,Y
CODDOC2921,N
CODDOC2923,N
CODDOC2924,N
CODDOC2925,N
CODDOC2930,N
CODDOC2931,N
CODDOC2932,N
CODDOC2933,N
CODDOC2934,N
CODDOC2936,N
CODDOC2943,N
CODDOC2944,N
CODDOC2945,N
CODDOC2946,N
CODDOC2948,N
CODDOC2951,N
CODDOC2952,N
CODDOC2953,N
CODDOC2954,N
CODDOC2958,N
CODDOC2962,Y
CODDOC2963,N
CODDOC2964,N
CODDOC2965,N
CODDOC2968,N
CODDOC2969,Y
CODDOC2971,N
CODDOC2972,N
CODDOC2973,N
CODDOC2975,N
CODDOC2977,N
CODDOC2979,N
CODDOC2980,N
CODDOC2982,N
CODDOC2983,N
CODDOC2985,N
CODDOC2987,N
CODDOC2989,Y
CODDOC2990,N
CODDOC2992,N
CODDOC2993,Y
CODDOC2994,N
CODDOC2996,N
CODDOC2999,N
CODDOC3000,N
CODDOC3001,N
CODDOC3002,N
CODDOC3005,N
CODDOC3007,N
CODDOC3008,N
CODDOC3011,N
CODDOC3012,N
CODDOC3014,N
CODDOC3015,N
CODDOC3016,N
CODDOC3017,N
CODDOC3018,N
CODDOC3019,N
CODDOC3022,N
CODDOC3023,N
CODDOC3029,N
CODDOC3030,Y
CODDOC3032,N
CODDOC3033,N
CODDOC3034,N
CODDOC3035,N
CODDOC3042,N
CODDOC3044,N
CODDOC3047,N
CODDOC3049,N
CODDOC3050,Y
CODDOC3053,N
CODDOC3054,N
CODDOC3055,N
CODDOC3056,N
CODDOC3057,N
CODDOC3058,N
CODDOC3062,N
CODDOC3063,Y
CODDOC3065,N
CODDOC3066,N
CODDOC3068,N
CODDOC3070,N
CODDOC3071,N
CODDOC3073,N
CODDOC3074,N
CODDOC3075,N
CODDOC3077,Y
CODDOC3078,N
CODDOC3082,N
CODDOC3083,N
CODDOC3084,N
CODDOC3087,N
CODDOC3089,N
CODDOC3090,N
CODDOC3092,N
CODDOC3100,N
CODDOC3101,N
CODDOC3102,N
CODDOC3103,N
CODDOC3104,N
CODDOC3105,N
CODDOC3106,N
CODDOC3107,Y
CODDOC3109,N
CODDOC3110,N
CODDOC3111,N
CODDOC3112,N
CODDOC3113,N
CODDOC3117,N
CODDOC3122,Y
CODDOC3123,N
CODDOC3125,N
CODDOC3131,N
CODDOC3133,N
CODDOC3135,N
CODDOC3136,N
CODDOC3139,N
CODDOC3141,N
CODDOC3143,N
CODDOC3144,N
CODDOC3145,N
CODDOC3146,N
CODDOC3147,N
CODDOC3151,N
CODDOC3153,Y
CODDOC3154,Y
CODDOC3156,N
CODDOC3157,N
CODDOC3162,N
CODDOC3164,N
CODDOC3168,N
CODDOC3171,N
CODDOC3172,Y
CODDOC3174,N
CODDOC3176,N
CODDOC3178,N
CODDOC3179,N
CODDOC3180,N
CODDOC3181,N
CODDOC3183,N
CODDOC3184,N
CODDOC3185,N
CODDOC3186,N
CODDOC3187,N
CODDOC3188,N
CODDOC3189,N
CODDOC3193,N
CODDOC3196,N
CODDOC3197,N
CODDOC3203,N
CODDOC3204,N
CODDOC3207,N
CODDOC3212,N
CODDOC3218,N
CODDOC3221,N
CODDOC3224,N
CODDOC3227,N
CODDOC3229,N
CODDOC3230,Y
CODDOC3232,N
CODDOC3234,Y
CODDOC3235,N
CODDOC3236,N
CODDOC3237,N
CODDOC3238,N
CODDOC3239,N
CODDOC3240,N
CODDOC3243,N
CODDOC3244,N
CODDOC3246,N
CODDOC3250,N
CODDOC3251,N
CODDOC3252,Y
CODDOC3253,N
CODDOC3254,N
CODDOC3255,N
CODDOC3260,N
CODDOC3262,N
CODDOC3263,N
CODDOC3264,N
CODDOC3265,N
CODDOC3266,N
CODDOC3267,N
CODDOC3268,N
CODDOC3269,N
CODDOC3270,N
CODDOC3271,N
CODDOC3273,N
CODDOC3274,N
CODDOC3277,N
CODDOC3278,N
CODDOC3279,N
CODDOC3281,N
CODDOC3282,N
CODDOC3283,N
CODDOC3286,N
CODDOC3288,N
CODDOC3290,N
CODDOC3292,N
CODDOC3294,N
CODDOC3297,N
CODDOC3298,Y
CODDOC3302,N
CODDOC3303,N
CODDOC3305,N
CODDOC3308,N
CODDOC3309,N
CODDOC3312,N
CODDOC3313,N
CODDOC3321,N
CODDOC3326,N
CODDOC3332,Y
CODDOC3334,N
CODDOC3336,N
CODDOC3337,N
CODDOC3338,N
CODDOC3344,N
CODDOC3345,N
CODDOC3346,N
CODDOC3348,N
CODDOC3349,N
CODDOC3350,Y
CODDOC3356,N
CODDOC3358,N
CODDOC3360,Y
CODDOC3361,Y
CODDOC3364,Y
CODDOC3366,N
CODDOC3369,N
CODDOC3372,N
CODDOC3373,N
CODDOC3375,Y
CODDOC3377,N
CODDOC3379,N
CODDOC3381,N
CODDOC3382,N
CODDOC3383,N
CODDOC3385,N
CODDOC3387,N
CODDOC3390,N
CODDOC3395,Y
CODDOC3397,N
CODDOC3398,N
CODDOC3400,N
CODDOC3402,N
CODDOC3403,N
CODDOC3404,N
CODDOC3405,N
CODDOC3406,N
CODDOC3407,N
CODDOC3408,N
CODDOC3409,N
CODDOC3411,N
CODDOC3415,N
CODDOC3418,N
CODDOC3420,Y
CODDOC3421,N
CODDOC3423,N
CODDOC3424,N
CODDOC3426,N
CODDOC3427,Y
CODDOC3428,N
CODDOC3431,N
CODDOC3432,Y
CODDOC3434,N
CODDOC3440,Y
CODDOC3442,N
CODDOC3445,N
CODDOC3447,N
CODDOC3449,N
CODDOC3450,N
CODDOC3452,N
CODDOC3456,Y
CODDOC3458,N
CODDOC3461,N
CODDOC3463,N
CODDOC3464,Y
CODDOC3471,N
CODDOC3472,N
CODDOC3476,N
CODDOC3479,N
CODDOC3484,N
CODDOC3485,N
CODDOC3486,N
CODDOC3487,N
CODDOC3488,N
CODDOC3489,N
CODDOC3496,N
CODDOC3497,N
CODDOC3502,N
CODDOC3505,N
CODDOC3507,N
CODDOC3512,N
CODDOC3515,N
CODDOC3516,N
CODDOC3517,N
CODDOC3520,N
CODDOC3521,N
CODDOC3522,N
CODDOC3523,N
CODDOC3529,N
CODDOC3531,N
CODDOC3532,N
CODDOC3534,N
CODDOC3539,N
CODDOC3540,N
CODDOC3541,N
CODDOC3544,Y
CODDOC3547,N
CODDOC3550,N
CODDOC3552,N
CODDOC3555,N
CODDOC3556,N
CODDOC3557,Y
CODDOC3564,N
CODDOC3565,N
CODDOC3569,N
CODDOC3571,N
CODDOC3573,N
CODDOC3574,N
CODDOC3575,N
CODDOC3576,N
CODDOC3577,N
CODDOC3580,N
CODDOC3581,N
CODDOC3587,N
CODDOC3591,N
CODDOC3592,N
CODDOC3595,N
CODDOC3597,N
CODDOC3598,N
CODDOC3599,N
CODDOC3600,N
CODDOC3602,N
CODDOC3604,N
CODDOC3610,N
CODDOC3611,N
CODDOC3612,N
CODDOC3615,Y
CODDOC3616,N
CODDOC3618,N
CODDOC3620,N
CODDOC3623,N
CODDOC3630,N
CODDOC3631,N
CODDOC3632,N
CODDOC3634,N
CODDOC3635,N
CODDOC3637,N
CODDOC3640,N
CODDOC3642,N
CODDOC3643,Y
CODDOC3644,N
CODDOC3645,Y
CODDOC3646,N
CODDOC3649,N
CODDOC3650,N
CODDOC3651,N
CODDOC3653,N
CODDOC3659,Y
CODDOC3663,Y
CODDOC3664,N
CODDOC3666,Y
CODDOC3667,N
CODDOC3668,N
CODDOC3670,N
CODDOC3671,N
CODDOC3674,N
CODDOC3675,N
CODDOC3676,N
CODDOC3677,N
CODDOC3678,N
CODDOC3679,N
CODDOC3681,N
CODDOC3682,N
CODDOC3683,N
CODDOC3684,N
CODDOC3688,N
CODDOC3690,N
CODDOC3691,N
CODDOC3692,N
CODDOC3693,N
CODDOC3695,N
CODDOC3697,N
CODDOC3698,N
CODDOC3699,N
CODDOC3702,N
CODDOC3703,N
CODDOC3706,N
CODDOC3708,N
CODDOC3711,N
CODDOC3714,N
CODDOC3716,N
CODDOC3717,N
CODDOC3718,N
CODDOC3721,N
CODDOC3723,N
CODDOC3725,N
CODDOC3726,N
CODDOC3727,N
CODDOC3728,N
CODDOC3729,N
CODDOC3731,N
CODDOC3733,N
CODDOC3734,N
CODDOC3735,N
CODDOC3737,N
CODDOC3738,Y
CODDOC3743,N
CODDOC3749,N
CODDOC3750,N
CODDOC3752,Y
CODDOC3753,N
CODDOC3754,N
CODDOC3756,Y
CODDOC3757,Y
CODDOC3761,N
CODDOC3762,N
CODDOC3763,N
CODDOC3764,N
CODDOC3765,N
CODDOC3767,N
CODDOC3770,N
CODDOC3773,N
CODDOC3775,N
CODDOC3777,N
CODDOC3780,N
CODDOC3781,N
CODDOC3782,N
CODDOC3783,N
CODDOC3784,N
CODDOC3785,N
CODDOC3786,N
CODDOC3788,N
CODDOC3789,N
CODDOC3791,N
CODDOC3793,N
CODDOC3796,N
CODDOC3799,N
CODDOC3802,N
CODDOC3805,N
CODDOC3808,N
CODDOC3809,N
CODDOC3810,N
CODDOC3812,N
CODDOC3814,N
CODDOC3816,N
CODDOC3817,N
CODDOC3818,N
CODDOC3821,N
CODDOC3822,N
CODDOC3823,N
CODDOC3824,N
CODDOC3825,N
CODDOC3827,N
CODDOC3829,N
CODDOC3830,N
CODDOC3831,N
CODDOC3832,N
CODDOC3834,N
CODDOC3835,N
CODDOC3837,N
CODDOC3839,N
CODDOC3840,N
CODDOC3842,N
CODDOC3843,N
CODDOC3846,N
CODDOC3847,N
CODDOC3849,N
CODDOC3851,N
CODDOC3855,N
CODDOC3856,N
CODDOC3858,N
CODDOC3860,N
CODDOC3861,N
CODDOC3863,N
CODDOC3865,N
CODDOC3868,N
CODDOC3870,N
CODDOC3872,N
CODDOC3878,N
CODDOC3880,N
CODDOC3881,N
CODDOC3882,N
CODDOC3883,N
CODDOC3884,N
CODDOC3888,N
CODDOC3889,N
CODDOC3890,Y
CODDOC3891,N
CODDOC3892,N
CODDOC3893,N
CODDOC3895,N
CODDOC3896,N
CODDOC3897,N
CODDOC3898,N
CODDOC3899,N
CODDOC3900,N
CODDOC3904,N
CODDOC3907,N
CODDOC3908,N
CODDOC3914,N
CODDOC3917,N
CODDOC3919,N
CODDOC3920,Y
CODDOC3923,N
CODDOC3928,N
CODDOC3929,N
CODDOC3931,Y
CODDOC3934,N
CODDOC3935,N
CODDOC3936,Y
CODDOC3937,N
CODDOC3938,N
CODDOC3940,N
CODDOC3942,N
CODDOC3946,Y
CODDOC3947,N
CODDOC3950,N
CODDOC3951,N
CODDOC3952,N
CODDOC3953,N
CODDOC3957,N
CODDOC3958,N
CODDOC3959,N
CODDOC3960,N
CODDOC3962,N
CODDOC3966,N
CODDOC3967,N
CODDOC3969,N
CODDOC3970,N
CODDOC3973,N
CODDOC3976,N
CODDOC3978,N
CODDOC3979,Y
CODDOC3981,N
CODDOC3985,N
CODDOC3987,N
CODDOC3990,N
CODDOC3994,N
CODDOC3996,N
CODDOC3997,N
CODDOC3998,N
CODDOC4000,Y
CODDOC4001,N
CODDOC4002,N
CODDOC4003,N
CODDOC4005,N
CODDOC4008,N
CODDOC4010,N
CODDOC4013,N
CODDOC4015,N
CODDOC4016,N
CODDOC4017,N
CODDOC4019,N
CODDOC4020,N
CODDOC4031,N
CODDOC4032,N
CODDOC4033,N
CODDOC4035,N
CODDOC4040,N
CODDOC4041,N
CODDOC4043,N
CODDOC4045,N
CODDOC4047,N
CODDOC4048,N
CODDOC4051,N
CODDOC4052,N
CODDOC4053,N
CODDOC4054,N
CODDOC4056,N
CODDOC4058,N
CODDOC4061,N
CODDOC4062,N
CODDOC4065,N
CODDOC4066,N
CODDOC4067,Y
CODDOC4069,N
CODDOC4070,N
CODDOC4072,N
CODDOC4075,N
CODDOC4076,N
CODDOC4079,N
CODDOC4082,N
CODDOC4084,N
CODDOC4087,N
CODDOC4088,N
CODDOC4091,N
CODDOC4093,N
CODDOC4094,Y
CODDOC4095,N
CODDOC4098,N
CODDOC4101,N
CODDOC4102,Y
CODDOC4104,N
CODDOC4105,N
CODDOC4106,N
CODDOC4108,N
CODDOC4109,Y
CODDOC4113,N
CODDOC4114,N
CODDOC4117,N
CODDOC4119,N
CODDOC4120,N
CODDOC4123,N
CODDOC4124,N
CODDOC4125,N
CODDOC4127,N
CODDOC4130,N
CODDOC4131,N
CODDOC4132,N
CODDOC4133,Y
CODDOC4134,N
CODDOC4139,N
CODDOC4141,N
CODDOC4144,N
CODDOC4146,N
CODDOC4147,N
CODDOC4148,N
CODDOC4150,N
CODDOC4152,N
CODDOC4155,N
CODDOC4157,N
CODDOC4158,N
CODDOC4159,N
CODDOC4161,N
CODDOC4166,N
CODDOC4167,N
CODDOC4168,N
CODDOC4170,N
CODDOC4171,N
CODDOC4174,N
CODDOC4176,N
CODDOC4178,N
CODDOC4179,N
CODDOC4181,N
CODDOC4185,N
CODDOC4186,N
CODDOC4187,Y
CODDOC4190,N
CODDOC4192,N
CODDOC4193,N
CODDOC4194,N
CODDOC4195,N
CODDOC4196,N
CODDOC4203,N
CODDOC4207,N
CODDOC4208,N
CODDOC4211,N
CODDOC4213,N
CODDOC4214,N
CODDOC4215,N
CODDOC4216,Y
CODDOC4218,N
CODDOC4222,N
CODDOC4225,Y
CODDOC4226,N
CODDOC4228,N
CODDOC4230,Y
CODDOC4231,Y
CODDOC4232,N
CODDOC4233,N
CODDOC4234,N
CODDOC4235,N
CODDOC4237,N
CODDOC4238,N
CODDOC4242,N
CODDOC4243,N
CODDOC4247,N
CODDOC4248,N
CODDOC4253,N
CODDOC4254,N
CODDOC4257,N
CODDOC4259,N
CODDOC4260,N
CODDOC4263,Y
CODDOC4264,Y
CODDOC4265,N
CODDOC4268,N
CODDOC4269,N
CODDOC4270,N
CODDOC4271,Y
CODDOC4272,N
CODDOC4273,N
CODDOC4276,N
CODDOC4277,N
CODDOC4281,N
CODDOC4282,N
CODDOC4284,N
CODDOC4288,N
CODDOC4289,N
CODDOC4290,N
CODDOC4291,N
CODDOC4292,Y
CODDOC4295,N
CODDOC4297,Y
CODDOC4299,N
CODDOC4300,N
CODDOC4302,N
CODDOC4305,N
CODDOC4306,N
CODDOC4313,N
CODDOC4314,N
CODDOC4317,Y
CODDOC4318,N
CODDOC4321,N
CODDOC4324,Y
CODDOC4326,N
CODDOC4327,Y
CODDOC4333,N
CODDOC4335,N
CODDOC4336,N
CODDOC4337,N
CODDOC4341,N
CODDOC4342,N
CODDOC4346,N
CODDOC4347,N
CODDOC4348,N
CODDOC4350,Y
CODDOC4351,N
CODDOC4352,N
CODDOC4354,N
CODDOC4355,N
CODDOC4360,N
CODDOC4361,N
CODDOC4363,N
CODDOC4365,N
CODDOC4366,N
CODDOC4368,N
CODDOC4370,N
CODDOC4372,N
CODDOC4374,N
CODDOC4377,N
CODDOC4378,N
CODDOC4379,Y
CODDOC4380,N
CODDOC4381,N
CODDOC4382,N
CODDOC4383,N
CODDOC4385,N
CODDOC4391,N
CODDOC4392,N
CODDOC4396,N
CODDOC4397,N
CODDOC4398,N
CODDOC4399,N
CODDOC4401,N
CODDOC4403,N
CODDOC4404,N
CODDOC4405,Y
CODDOC4406,N
CODDOC4411,N
CODDOC4412,N
CODDOC4416,N
CODDOC4417,N
CODDOC4419,N
CODDOC4422,N
CODDOC4424,N
CODDOC4425,N
CODDOC4427,N
CODDOC4428,N
CODDOC4430,N
CODDOC4433,N
CODDOC4437,Y
CODDOC4439,N
CODDOC4440,N
CODDOC4444,N
CODDOC4445,N
CODDOC4446,N
CODDOC4447,N
CODDOC4448,N
CODDOC4449,N
CODDOC4452,Y
CODDOC4453,N
CODDOC4457,N
CODDOC4459,N
CODDOC4460,N
CODDOC4462,N
CODDOC4465,N
CODDOC4466,N
CODDOC4469,N
CODDOC4470,N
CODDOC4472,N
CODDOC4473,N
CODDOC4474,N
CODDOC4476,N
CODDOC4481,N
CODDOC4484,N
CODDOC4486,N
CODDOC4487,N
CODDOC4491,N
CODDOC4495,N
CODDOC4496,N
CODDOC4500,N
CODDOC4502,N
CODDOC4504,Y
CODDOC4505,N
CODDOC4506,Y
CODDOC4507,N
CODDOC4508,N
CODDOC4512,Y
CODDOC4516,N
CODDOC4517,N
CODDOC4520,N
